active_streets_in_plan,crosses_runway_joins,crosses_runway_steps,distance_m,exclude_runway_crossing,false_offroute_events,generated_in_written,icao,joins_implicados,joins_no_declarados,joins_used,joins_used_detail,joins_used_names,lock_armed,low_conf_joins_declared_pct,max_lateral_m,median_lateral_m,pirep,reason,route_generated,route_written,runway,runway_distance_m,runway_source,stand,trace_coverage_pct,trace_ends_on_runway_axis_m,trace_points,version,warnings,written_in_generated
"[""24"", ""26"", ""L1"", ""M1"", ""P"", ""Q""]",0,0,3470.2,False,0,,KMIA,0,[],0,[],[],True,100.0,75.8,1.7,Z8pORZd86Zr68OL1,,"[""26"", ""24"", ""Q"", ""P"", ""U"", ""P"", ""M1"", ""L1""]",,08R,86.3,derived_from_trace,,85.19,1.7,27,ed3b91e07596,[],
"[""A"", ""B10"", ""C"", ""S""]",0,0,2752.6,False,0,,SKBO,0,[],0,[],[],True,100.0,154.3,3.3,eYpGLoAQVQLz98m3,,"[""C"", ""B10"", ""A"", ""S"", ""A"", ""A3""]",,14L,150.9,derived_from_trace,,81.48,1.3,27,2816413215c8,[],
"[""A"", ""G""]",0,0,1143.5,False,0,,SKRG,0,[],0,[],[],True,100.0,104.1,57.8,w9dw9jxoVN25w8jZ,,"[""G"", ""A""]",,19,66.3,derived_from_trace,,41.67,0.2,12,9489ba2249e1,[],
"[""G"", ""K"", ""W""]",0,0,3411.2,False,0,,SKBO,0,[],0,[],[],True,100.0,78.2,4.1,wl2dEly8N89nM7Kj,,"[""W"", ""G"", ""N"", ""K"", ""K1""]",,14R,29.7,derived_from_trace,,85.71,1.0,21,2816413215c8,[],
,,,,,,,SKLT,,,,,,,,,,9QJYgErnggMdgKPO,no_route_in_published_network,,,21,249.6,derived_from_trace,,,,,20079f37f3d2,,
"[""K"", ""P""]",0,0,3349.0,False,0,,SKBO,0,[],0,[],[],True,100.0,18.3,3.3,2am1prA2vwr2L6vn,,"[""P"", ""K"", ""K1""]",,14R,28.6,derived_from_trace,,100.0,26.7,18,2816413215c8,[],
"[""B""]",0,0,526.9,False,1,,SEGU,0,[],0,[],[],True,100.0,249.4,83.0,xPJ0Z2kdLYK1YQdv,,"[""B""]",,21,33.4,derived_from_trace,,40.0,2.5,15,302d1a639a83,"[""long_apron_leg""]",
"[""A"", ""A2"", ""G""]",0,0,2745.4,False,1,,SKRG,0,[],0,[],[],True,100.0,222.3,49.3,a9nyWPMX4135EeMg,,"[""G"", ""A"", ""A2""]",,01,204.3,derived_from_trace,,50.0,1.3,22,9489ba2249e1,[],
"[""C"", ""F"", ""K""]",0,0,4872.6,False,0,,SKBO,0,[],0,[],[],True,100.0,943.4,71.7,P5yZlaoEJoAon7ge,,"[""F"", ""C"", ""B8"", ""B"", ""N"", ""K"", ""K1""]",,14R,42.8,derived_from_trace,,42.86,18.8,28,2816413215c8,[],
"[""A"", ""A2"", ""H""]",0,0,2521.7,False,0,,SKRG,0,[],0,[],[],True,100.0,220.3,5.7,6oKmQorWyXg0pKgD,,"[""H"", ""A"", ""A2""]",,01,15.2,derived_from_trace,,77.78,5.5,27,9489ba2249e1,"[""long_apron_leg""]",
"[""A"", ""A2"", ""G""]",0,0,1120.9,False,0,,SKCL,0,[],0,[],[],True,100.0,177.4,7.4,Qp3KwWqq5AJOR3P0,,"[""G"", ""A"", ""A2""]",,02,223.3,derived_from_trace,,53.85,3.7,13,b90a3500da7d,[],
"[""G"", ""K"", ""W""]",0,0,3289.6,False,1,,SKBO,0,[],0,[],[],True,100.0,64.9,3.1,EBY4lyNNKw1VVYz0,,"[""W"", ""G"", ""N"", ""K"", ""K1""]",,14R,47.7,derived_from_trace,,84.21,0.7,19,2816413215c8,[],
,,,,,,,SKYP,,,,,,,,,,3YpgXZw71GWOqoln,no_route_in_published_network,,,05,156.0,derived_from_trace,,,,,da39a3ee5e6b,,
"[""A"", ""A3"", ""G"", ""S"", ""W""]",0,0,2441.5,False,1,,SKBO,0,[],0,[],[],True,100.0,102.0,11.8,RkOoeag7wjQdvpNJ,,"[""W"", ""G"", ""M"", ""S"", ""A"", ""A3""]",,14L,27.0,derived_from_trace,,64.71,5.3,17,2816413215c8,[],
"[""A"", ""H""]",0,0,2521.7,False,0,,SKRG,0,[],0,[],[],True,100.0,190.2,7.0,GQKbqo3BBXWk1MJE,,"[""H"", ""A"", ""A2""]",,01,184.3,derived_from_trace,,68.75,1.1,16,9489ba2249e1,[],
"[""D"", ""K"", ""P""]",0,0,3355.7,False,0,,SKBO,0,[],0,[],[],True,100.0,77.9,4.3,vV519YexKRpld5jE,,"[""D"", ""P"", ""K"", ""K1""]",,14R,75.7,derived_from_trace,,82.35,1.0,17,2816413215c8,[],
,,,,,,,SKCG,,,,,,,,,,07XMPq002Ny6jE1K,no_route_in_published_network,,,01,34.6,derived_from_trace,,,,,65610c3c4152,,
"[""A""]",0,0,37.5,False,0,,SKSM,0,[],0,[],[],True,100.0,582.2,60.8,WPQxK3PPBpl1az8V,,"[""A""]",,01,61.1,derived_from_trace,,22.22,0.1,9,5e9265f53724,[],
"[""G"", ""K"", ""N"", ""W""]",0,0,3440.9,False,0,,SKBO,0,[],0,[],[],True,100.0,76.2,6.7,81yVdOre68Z9G3QB,,"[""W"", ""G"", ""N"", ""K"", ""K1""]",,14R,58.6,derived_from_trace,,84.21,3.4,19,2816413215c8,[],
"[""A1""]",0,0,347.2,False,0,,SKPE,1,[],1,"[{""taxiway"": ""A1"", ""gap_m"": 10.8, ""confidence"": 0.98, ""kind"": ""component_bridge"", ""crosses_runway"": false, ""node_a"": 4193462685772660, ""node_b"": 4207406951033512}]","[""A1""]",True,100.0,1366.2,745.2,Z12naE7Ox6pxVyde,,"[""A1""]",,08,35.3,derived_from_trace,,27.27,2.2,11,4f6348ba22dc,[],
,,,,,,,SKBO,,,,,,,,,,gB6ZDPj1QQRxEaWj,unknown_runway,,,,174216.8,,,,,,2816413215c8,,
"[""A"", ""A3"", ""D""]",0,0,1361.6,False,1,,SKBQ,0,[],0,[],[],True,100.0,141.5,4.5,xBV3ErB1n2wAvp2R,,"[""D"", ""A"", ""A3""]",,05,49.0,derived_from_trace,,64.29,3.8,14,b83c59ebd472,[],
"[""A"", ""A2"", ""H""]",0,0,2521.7,False,0,,SKRG,0,[],0,[],[],True,100.0,483.0,7.1,E7DK47e88XdabzoL,,"[""H"", ""A"", ""A2""]",,01,109.6,derived_from_trace,,58.82,106.4,17,9489ba2249e1,"[""long_apron_leg""]",
"[""A"", ""G""]",0,0,1156.6,False,0,,SKCL,0,[],0,[],[],True,100.0,178.0,39.1,6EdeP0yJlWLKa1MW,,"[""G"", ""A"", ""A2""]",,02,69.6,derived_from_trace,,54.55,1.5,11,b90a3500da7d,[],
"[""G"", ""K"", ""K1""]",0,0,3309.9,False,0,,SKBO,0,[],0,[],[],True,100.0,75.0,6.9,XAW2A5Gybw6BJ1NO,,"[""G"", ""N"", ""K"", ""K1""]",,14R,51.3,derived_from_trace,,77.78,6.0,18,2816413215c8,[],
"[""A"", ""A2"", ""H""]",0,0,2521.7,False,0,,SKRG,0,[],0,[],[],True,100.0,344.7,5.8,Aj3N4gqn9omdoJE2,,"[""H"", ""A"", ""A2""]",,01,79.9,derived_from_trace,,71.43,4.0,14,9489ba2249e1,"[""long_apron_leg""]",
"[""G"", ""K"", ""K1"", ""W""]",0,0,3451.4,False,0,,SKBO,0,[],0,[],[],True,100.0,88.5,4.0,ZDqvnvw3VvZZAqKo,,"[""W"", ""G"", ""N"", ""K"", ""K1""]",,14R,47.9,derived_from_trace,,90.91,4.9,22,2816413215c8,[],
"[""A""]",0,0,2454.6,False,1,,MMGL,1,[],1,"[{""taxiway"": ""B|A"", ""gap_m"": 64.4, ""confidence"": 0.46, ""kind"": ""component_bridge"", ""crosses_runway"": false, ""node_a"": 2519199407013046, ""node_b"": 3847565763676304}]","[""B|A""]",True,100.0,262.7,3.1,Eqm8LNXnnBDbOmNQ,,"[""B"", ""A""]",,11R,40.6,derived_from_trace,,65.0,0.5,20,1f209edfb7cf,"[""long_apron_leg""]",
"[""B"", ""C"", ""K"", ""K1""]",0,0,4851.6,False,2,,SKBO,0,[],0,[],[],True,100.0,135.8,4.6,MNjR664PBAr25RbD,,"[""C"", ""B8"", ""B"", ""N"", ""K"", ""K1""]",,14R,145.2,derived_from_trace,,73.53,4.9,34,2816413215c8,[],
"[""A""]",0,0,2093.2,False,0,,KBOS,0,[],0,[],[],True,100.0,384.7,113.8,R1nZQJAOJ5GPg4Pj,,"[""A"", ""C"", ""M"", ""E"", ""M""]",,09,258.7,derived_from_trace,,24.0,119.6,25,e54fddf9c6db,[],
,,,,,,,SKCG,,,,,,,,,,xWXJ4paG7P110J6b,no_route_in_published_network,,,01,35.7,derived_from_trace,,,,,65610c3c4152,,
"[""A4""]",0,0,895.0,False,0,,CYUL,0,[],0,[],[],True,100.0,214.0,5.6,mV8wjKPvW1ZR3OB5,,"[""A4""]",,06L,111.6,derived_from_trace,,61.54,1.6,13,2565baaee61e,"[""long_apron_leg""]",
"[""A"", ""C"", ""S""]",0,0,2503.3,False,0,,SKBO,0,[],0,[],[],True,100.0,173.5,59.8,ZrMBQn7zEkDBl8K9,,"[""C"", ""B8"", ""B"", ""P"", ""A"", ""S"", ""A"", ""A3""]",,14L,183.8,derived_from_trace,,45.45,1.7,22,2816413215c8,[],
"[""A"", ""A2"", ""G""]",0,0,1120.9,False,0,,SKCL,0,[],0,[],[],True,100.0,184.5,5.2,NwLyJWdNaMVY6gKv,,"[""G"", ""A"", ""A2""]",,02,151.1,derived_from_trace,,72.73,3.1,11,b90a3500da7d,[],
"[""G"", ""K"", ""K1""]",0,0,3463.8,False,0,,SKBO,0,[],0,[],[],True,100.0,88.9,3.6,9beldDRGQoglAe1w,,"[""G"", ""N"", ""K"", ""K1""]",,14R,97.1,derived_from_trace,,90.0,6.0,20,2816413215c8,[],
"[""A"", ""H""]",0,0,2521.7,False,1,,SKRG,0,[],0,[],[],True,100.0,130.5,2.9,KZo53Z5Egd6NkeRy,,"[""H"", ""A"", ""A2""]",,01,92.2,derived_from_trace,,71.43,61.3,14,9489ba2249e1,[],
"[""A"", ""A2"", ""H""]",0,0,2521.7,False,0,,SKRG,0,[],0,[],[],True,100.0,195.0,24.9,MRog23KE0kpla6nm,,"[""H"", ""A"", ""A2""]",,01,38.8,derived_from_trace,,52.94,3.5,17,9489ba2249e1,"[""long_apron_leg""]",
"[""F"", ""I"", ""J"", ""K"", ""L""]",0,0,3914.9,False,0,False,LMML,2,[],2,"[{""taxiway"": ""I|F"", ""gap_m"": 188.3, ""confidence"": 0.56, ""kind"": ""component_bridge"", ""crosses_runway"": false, ""node_a"": 3834689735364759, ""node_b"": 4155326503109555}, {""taxiway"": ""J"", ""gap_m"": 23.2, ""confidence"": 0.96, ""kind"": ""component_bridge"", ""crosses_runway"": false, ""node_a"": 1346377484757008, ""node_b"": 3286906179480159}]","[""I|F"", ""J""]",True,100.0,166.6,8.4,V15MObj3MxOdAZab,,"[""F"", ""I"", ""J"", ""K"", ""L""]","[""T"", ""J"", ""K"", ""L""]",05,,pirep,,62.07,3.2,29,921ee5f0485c,"[""long_apron_leg"", ""street_label_differs"", ""street_label_differs""]",False
